{
  "hash": "124d871b",
  "configHash": "8f067c50",
  "lockfileHash": "c1893244",
  "browserHash": "de83b2e6",
  "optimized": {
    "@angular/common": {
      "src": "../../../../../../node_modules/@angular/common/fesm2022/common.mjs",
      "file": "@angular_common.js",
      "fileHash": "3a79ca03",
      "needsInterop": false
    },
    "@angular/common/http": {
      "src": "../../../../../../node_modules/@angular/common/fesm2022/http.mjs",
      "file": "@angular_common_http.js",
      "fileHash": "13c38bd8",
      "needsInterop": false
    },
    "@angular/core": {
      "src": "../../../../../../node_modules/@angular/core/fesm2022/core.mjs",
      "file": "@angular_core.js",
      "fileHash": "c1bff38e",
      "needsInterop": false
    },
    "@angular/forms": {
      "src": "../../../../../../node_modules/@angular/forms/fesm2022/forms.mjs",
      "file": "@angular_forms.js",
      "fileHash": "9b219699",
      "needsInterop": false
    },
    "@angular/platform-browser": {
      "src": "../../../../../../node_modules/@angular/platform-browser/fesm2022/platform-browser.mjs",
      "file": "@angular_platform-browser.js",
      "fileHash": "c73c1d71",
      "needsInterop": false
    },
    "@angular/router": {
      "src": "../../../../../../node_modules/@angular/router/fesm2022/router.mjs",
      "file": "@angular_router.js",
      "fileHash": "473b77ea",
      "needsInterop": false
    },
    "lucide-angular": {
      "src": "../../../../../../node_modules/lucide-angular/fesm2020/lucide-angular.mjs",
      "file": "lucide-angular.js",
      "fileHash": "7864ebbf",
      "needsInterop": false
    },
    "rxjs": {
      "src": "../../../../../../node_modules/rxjs/dist/esm5/index.js",
      "file": "rxjs.js",
      "fileHash": "fa8e79ae",
      "needsInterop": false
    }
  },
  "chunks": {
    "chunk-B76FIUOV": {
      "file": "chunk-B76FIUOV.js"
    },
    "chunk-TLIBQLOE": {
      "file": "chunk-TLIBQLOE.js"
    },
    "chunk-LFS52PQT": {
      "file": "chunk-LFS52PQT.js"
    },
    "chunk-LLD54KCW": {
      "file": "chunk-LLD54KCW.js"
    },
    "chunk-J7E7XU2A": {
      "file": "chunk-J7E7XU2A.js"
    },
    "chunk-PJVWDKLX": {
      "file": "chunk-PJVWDKLX.js"
    }
  }
}